Workbook
Name NativeTimeline_Sales_Date: #N/A
Name Slicer_Department: #N/A
Name Slicer_Location: #N/A

Sheet Dashboard
A3: Sum of Sales | B3: Column Labels
A4: Row Labels | B4: Mangalore | C4: Manipal | D4: Udupi | E4: Grand Total
A5: Finance | B5: 39000 | C5: 47000 | E5: 86000
A6: HR | C6: 29000 | D6: 85000 | E6: 114000
A7: Sales | B7: 120000 | C7: 83000 | D7: 61000 | E7: 264000
A8: Grand Total | B8: 159000 | C8: 159000 | D8: 146000 | E8: 464000

Sheet Sales raw
A1: Employee ID | B1: Employee Name | C1: Department | D1: Location | E1: Product | F1: Sales | G1: Sales Date | H1: Bonus % | I1: Bonus Amount | J1: Dept Budget | K1: Branch Code | L1: Join Year | N1: Data Quality Issues | Q1: Bonus Rate
A2: NR-2023-108 | B2: Meena Shetty | C2: Sales | D2: Manipal | E2: Monitor | F2: 83000 | G2: 46099 | H2: =IF(F2>60000,$Q$2,$Q$2/2) -> 0.1 | I2: =F2*H2 -> 8300 | J2: =IFERROR(VLOOKUP(C2,Budget!$A$2:$B$4,2,FALSE),"Not Found") -> 300000 | K2: =LEFT(A2,2) -> NR | L2: =MID(A2,4,4) -> 2023 | N2: Duplicate record: NR-2023-103 | Q2: 0.1
A3: NR-2023-103 | B3: Arjun Shetty | C3: Sales | D3: Mangalore | E3: Mouse | F3: 68000 | G3: 46042 | H3: =IF(F3>60000,$Q$2,$Q$2/2) -> 0.1 | I3: =F3*H3 -> 6800 | J3: =IFERROR(VLOOKUP(C3,Budget!$A$2:$B$4,2,FALSE),"Not Found") -> 300000 | K3: =LEFT(A3,2) -> NR | L3: =MID(A3,4,4) -> 2023 | N3: Extra spaces in Employee Name
A4: NR-2023-105 | B4: Kiran Bhat | C4: Sales | D4: Udupi | E4: Monitor | F4: 61000 | G4: 46067 | H4: =IF(F4>60000,$Q$2,$Q$2/2) -> 0.1 | I4: =F4*H4 -> 6100 | J4: =IFERROR(VLOOKUP(C4,Budget!$A$2:$B$4,2,FALSE),"Not Found") -> 300000 | K4: =LEFT(A4,2) -> NR | L4: =MID(A4,4,4) -> 2023 | N4: Missing Location for Megha Pai
A5: NR-2023-109 | B5: Sneha D'Souza | C5: HR | D5: Udupi | E5: Laptop | F5: 54000 | G5: 46106 | H5: =IF(F5>60000,$Q$2,$Q$2/2) -> 0.05 | I5: =F5*H5 -> 2700 | J5: =IFERROR(VLOOKUP(C5,Budget!$A$2:$B$4,2,FALSE),"Not Found") -> 120000 | K5: =LEFT(A5,2) -> NR | L5: =MID(A5,4,4) -> 2023 | N5: Missing Sales for Rohit Kumar
A6: NR-2023-101 | B6: Rahul Verma | C6: Sales | D6: Mangalore | E6: Laptop | F6: 52000 | G6: 46027 | H6: =IF(F6>60000,$Q$2,$Q$2/2) -> 0.05 | I6: =F6*H6 -> 2600 | J6: =IFERROR(VLOOKUP(C6,Budget!$A$2:$B$4,2,FALSE),"Not Found") -> 300000 | K6: =LEFT(A6,2) -> NR | L6: =MID(A6,4,4) -> 2023
A7: NR-2023-104 | B7: Megha Pai | C7: Finance | D7: Manipal | E7: Laptop | F7: 47000 | G7: 46055 | H7: =IF(F7>60000,$Q$2,$Q$2/2) -> 0.05 | I7: =F7*H7 -> 2350 | J7: =IFERROR(VLOOKUP(C7,Budget!$A$2:$B$4,2,FALSE),"Not Found") -> 150000 | K7: =LEFT(A7,2) -> NR | L7: =MID(A7,4,4) -> 2023
A8: NR-2023-107 | B8: Rohit Kumar | C8: Finance | D8: Mangalore | E8: Mouse | F8: 39000 | G8: 46084 | H8: =IF(F8>60000,$Q$2,$Q$2/2) -> 0.05 | I8: =F8*H8 -> 1950 | J8: =IFERROR(VLOOKUP(C8,Budget!$A$2:$B$4,2,FALSE),"Not Found") -> 150000 | K8: =LEFT(A8,2) -> NR | L8: =MID(A8,4,4) -> 2023
A9: NR-2023-102 | B9: Priya Nair | C9: HR | D9: Udupi | E9: Chair | F9: 31000 | G9: 46034 | H9: =IF(F9>60000,$Q$2,$Q$2/2) -> 0.05 | I9: =F9*H9 -> 1550 | J9: =IFERROR(VLOOKUP(C9,Budget!$A$2:$B$4,2,FALSE),"Not Found") -> 120000 | K9: =LEFT(A9,2) -> NR | L9: =MID(A9,4,4) -> 2023
A10: NR-2023-106 | B10: Anjali Rao | C10: HR | D10: Manipal | E10: Chair | F10: 29000 | G10: 46075 | H10: =IF(F10>60000,$Q$2,$Q$2/2) -> 0.05 | I10: =F10*H10 -> 1450 | J10: =IFERROR(VLOOKUP(C10,Budget!$A$2:$B$4,2,FALSE),"Not Found") -> 120000 | K10: =LEFT(A10,2) -> NR | L10: =MID(A10,4,4) -> 2023
A14: filter department
A22: filter location

Sheet Budget
A1: Department | B1: Annual Budget
A2: Sales | B2: 300000
A3: HR | B3: 120000
A4: Finance | B4: 150000
